<?xml version="1.0" encoding="UTF-8"?>
<GenRun Id="impl_1" LaunchPart="xc7a35tcpg236-1" LaunchTime="1652253903">
  <File Type="ROUTE-PWR" Name="Topmodule_power_routed.rpt"/>
  <File Type="PA-TCL" Name="Topmodule.tcl"/>
  <File Type="ROUTE-PWR-SUM" Name="Topmodule_power_summary_routed.pb"/>
  <File Type="REPORTS-TCL" Name="Topmodule_reports.tcl"/>
  <File Type="BITSTR-MSK" Name="Topmodule.msk"/>
  <File Type="ROUTE-CLK" Name="Topmodule_clock_utilization_routed.rpt"/>
  <File Type="RDI-RDI" Name="Topmodule.vdi"/>
  <File Type="BG-BIT" Name="Topmodule.bit"/>
  <File Type="BG-DRC" Name="Topmodule.drc"/>
  <File Type="BG-BGN" Name="Topmodule.bgn"/>
  <File Type="BG-BIN" Name="Topmodule.bin"/>
  <File Type="BITSTR-RBT" Name="Topmodule.rbt"/>
  <File Type="BITSTR-NKY" Name="Topmodule.nky"/>
  <File Type="BITSTR-BMM" Name="Topmodule_bd.bmm"/>
  <File Type="BITSTR-MMI" Name="Topmodule.mmi"/>
  <File Type="ROUTE-METHODOLOGY-DRC" Name="Topmodule_methodology_drc_routed.rpt"/>
  <File Type="BITSTR-SYSDEF" Name="Topmodule.sysdef"/>
  <File Type="ROUTE-METHODOLOGY-DRC-PB" Name="Topmodule_methodology_drc_routed.pb"/>
  <File Type="BITSTR-LTX" Name="debug_nets.ltx"/>
  <File Type="BITSTR-LTX" Name="Topmodule.ltx"/>
  <File Type="WBT-USG" Name="usage_statistics_webtalk.html"/>
  <File Type="OPT-DRC" Name="Topmodule_drc_opted.rpt"/>
  <File Type="OPT-HWDEF" Name="Topmodule.hwdef"/>
  <File Type="PLACE-IO" Name="Topmodule_io_placed.rpt"/>
  <File Type="PLACE-UTIL" Name="Topmodule_utilization_placed.rpt"/>
  <File Type="PLACE-UTIL-PB" Name="Topmodule_utilization_placed.pb"/>
  <File Type="PLACE-CTRL" Name="Topmodule_control_sets_placed.rpt"/>
  <File Type="PLACE-PRE-SIMILARITY" Name="Topmodule_incremental_reuse_pre_placed.rpt"/>
  <File Type="ROUTE-DRC" Name="Topmodule_drc_routed.rpt"/>
  <File Type="ROUTE-DRC-PB" Name="Topmodule_drc_routed.pb"/>
  <File Type="ROUTE-PWR-RPX" Name="Topmodule_power_routed.rpx"/>
  <File Type="ROUTE-STATUS" Name="Topmodule_route_status.rpt"/>
  <File Type="ROUTE-STATUS-PB" Name="Topmodule_route_status.pb"/>
  <File Type="ROUTE-DCP" Name="Topmodule_routed.dcp"/>
  <File Type="ROUTE-ERROR-DCP" Name="Topmodule_routed_error.dcp"/>
  <File Type="ROUTE-BLACKBOX-DCP" Name="Topmodule_routed_bb.dcp"/>
  <File Type="ROUTE-TIMINGSUMMARY" Name="Topmodule_timing_summary_routed.rpt"/>
  <File Type="ROUTE-TIMING-PB" Name="Topmodule_timing_summary_routed.pb"/>
  <File Type="ROUTE-TIMING-RPX" Name="Topmodule_timing_summary_routed.rpx"/>
  <File Type="ROUTE-BUS-SKEW" Name="Topmodule_bus_skew_routed.rpt"/>
  <File Type="ROUTE-BUS-SKEW-PB" Name="Topmodule_bus_skew_routed.pb"/>
  <File Type="ROUTE-BUS-SKEW-RPX" Name="Topmodule_bus_skew_routed.rpx"/>
  <File Type="OPT-DCP" Name="Topmodule_opt.dcp"/>
  <File Type="PLACE-DCP" Name="Topmodule_placed.dcp"/>
  <File Type="PWROPT-DCP" Name="Topmodule_pwropt.dcp"/>
  <File Type="POSTPLACE-PWROPT-DCP" Name="Topmodule_postplace_pwropt.dcp"/>
  <File Type="PHYSOPT-DCP" Name="Topmodule_physopt.dcp"/>
  <File Type="POSTROUTE-PHYSOPT-DCP" Name="Topmodule_postroute_physopt.dcp"/>
  <File Type="POSTROUTE-PHYSOPT-BLACKBOX-DCP" Name="Topmodule_postroute_physopt_bb.dcp"/>
  <File Type="ROUTE-DRC-RPX" Name="Topmodule_drc_routed.rpx"/>
  <File Type="ROUTE-METHODOLOGY-DRC-RPX" Name="Topmodule_methodology_drc_routed.rpx"/>
  <File Type="PDI-FILE" Name="Topmodule.pdi"/>
  <File Type="RCFI_FILE" Name="Topmodule.rcfi"/>
  <File Type="CFI_FILE" Name="Topmodule.cfi"/>
  <File Type="RNPI_FILE" Name="Topmodule.rnpi"/>
  <File Type="NPI_FILE" Name="Topmodule.npi"/>
  <File Type="RBD_FILE" Name="Topmodule.rbd"/>
  <FileSet Name="sources" Type="DesignSrcs" RelSrcDir="$PSRCDIR/sources_1" RelGenDir="$PGENDIR/sources_1">
    <Filter Type="Srcs"/>
    <File Path="$PSRCDIR/sources_1/new/ClockDivider.vhd">
      <FileInfo>
        <Attr Name="UsedIn" Val="synthesis"/>
        <Attr Name="UsedIn" Val="simulation"/>
      </FileInfo>
    </File>
    <File Path="$PSRCDIR/sources_1/new/counter.vhd">
      <FileInfo>
        <Attr Name="UsedIn" Val="synthesis"/>
        <Attr Name="UsedIn" Val="simulation"/>
      </FileInfo>
    </File>
    <File Path="$PSRCDIR/sources_1/new/pwm.vhd">
      <FileInfo>
        <Attr Name="UsedIn" Val="synthesis"/>
        <Attr Name="UsedIn" Val="simulation"/>
      </FileInfo>
    </File>
    <File Path="$PSRCDIR/sources_1/new/servo.vhd">
      <FileInfo>
        <Attr Name="UsedIn" Val="synthesis"/>
        <Attr Name="UsedIn" Val="simulation"/>
      </FileInfo>
    </File>
    <File Path="$PSRCDIR/sources_1/new/trigger_generator.vhd">
      <FileInfo>
        <Attr Name="UsedIn" Val="synthesis"/>
        <Attr Name="UsedIn" Val="simulation"/>
      </FileInfo>
    </File>
    <File Path="$PSRCDIR/sources_1/new/ultrasonic.vhd">
      <FileInfo>
        <Attr Name="UsedIn" Val="synthesis"/>
        <Attr Name="UsedIn" Val="simulation"/>
      </FileInfo>
    </File>
    <File Path="$PSRCDIR/sources_1/new/Topmodule.vhd">
      <FileInfo>
        <Attr Name="UsedIn" Val="synthesis"/>
        <Attr Name="UsedIn" Val="simulation"/>
      </FileInfo>
    </File>
    <File Path="$PSRCDIR/sources_1/new/Clockdivider2.vhd">
      <FileInfo>
        <Attr Name="AutoDisabled" Val="1"/>
        <Attr Name="UsedIn" Val="synthesis"/>
        <Attr Name="UsedIn" Val="simulation"/>
      </FileInfo>
    </File>
    <File Path="$PPRDIR/../Sonra düzenlenecek/Sensor.vhd">
      <FileInfo>
        <Attr Name="AutoDisabled" Val="1"/>
        <Attr Name="UsedIn" Val="synthesis"/>
        <Attr Name="UsedIn" Val="simulation"/>
      </FileInfo>
    </File>
    <File Path="$PSRCDIR/sources_1/new/ServoPWM.vhd">
      <FileInfo>
        <Attr Name="AutoDisabled" Val="1"/>
        <Attr Name="UsedIn" Val="synthesis"/>
        <Attr Name="UsedIn" Val="simulation"/>
      </FileInfo>
    </File>
    <Config>
      <Option Name="DesignMode" Val="RTL"/>
      <Option Name="TopModule" Val="Topmodule"/>
      <Option Name="TopAutoSet" Val="TRUE"/>
    </Config>
  </FileSet>
  <FileSet Name="constrs_in" Type="Constrs" RelSrcDir="$PSRCDIR/constrs_1">
    <Filter Type="Constrs"/>
    <File Path="$PSRCDIR/constrs_1/new/Constrain.xdc">
      <FileInfo>
        <Attr Name="UsedIn" Val="synthesis"/>
        <Attr Name="UsedIn" Val="implementation"/>
      </FileInfo>
    </File>
    <Config>
      <Option Name="ConstrsType" Val="XDC"/>
    </Config>
  </FileSet>
  <FileSet Name="utils" Type="Utils" RelSrcDir="$PSRCDIR/utils_1">
    <Filter Type="Utils"/>
    <File Path="$PSRCDIR/utils_1/imports/synth_1/Topmodule.dcp">
      <FileInfo>
        <Attr Name="UsedIn" Val="synthesis"/>
        <Attr Name="UsedIn" Val="implementation"/>
        <Attr Name="UsedInSteps" Val="synth_1"/>
        <Attr Name="AutoDcp" Val="1"/>
      </FileInfo>
    </File>
    <Config>
      <Option Name="TopAutoSet" Val="TRUE"/>
    </Config>
  </FileSet>
  <Strategy Version="1" Minor="2">
    <StratHandle Name="Vivado Implementation Defaults" Flow="Vivado Implementation 2021"/>
    <Step Id="init_design"/>
    <Step Id="opt_design"/>
    <Step Id="power_opt_design"/>
    <Step Id="place_design"/>
    <Step Id="post_place_power_opt_design"/>
    <Step Id="phys_opt_design"/>
    <Step Id="route_design"/>
    <Step Id="post_route_phys_opt_design"/>
    <Step Id="write_bitstream"/>
    <Step Id="write_device_image"/>
  </Strategy>
</GenRun>
